cycle,pressure,flow,speed,warning,failure
1,4.777623976390616,51.59451092344692,0.8623978081344811,1,0
2,5.803154585441958,55.82082409920368,0.6664885281600843,0,1
3,4.9073164614375075,47.671351232148716,0.9216968971838151,1,0
4,4.655016433497393,47.188562353795135,1.0447411578889518,1,0
5,4.818395184895758,42.93848149332354,0.9824279936868143,1,0
6,5.013505640937585,42.87625906893272,1.036965827544817,1,0
7,4.154701926773309,60.59711805780918,0.5195344228012768,0,1
8,4.79568956106488,49.1912230680124,0.9980707640445081,1,0
9,5.616804673976837,62.621208164276034,0.6093420558686559,0,1
10,5.147693315999082,50.85684140594985,0.8353970008207678,1,0
11,4.976870343522352,48.494481522053555,0.9554709158757928,0,0
12,4.907872245808043,55.285611131094576,0.9123738038749524,1,0
13,5.0648167938789594,48.07458859791842,0.8298202574719084,1,0
14,4.8646155999388085,53.058381444204336,0.802208846849441,1,0
15,5.20619990449919,54.65640059558099,1.1085081386743783,1,0
16,4.248234743033208,44.15897455950457,0.5127116700572047,0,1
17,5.23594326894014,45.50896030272161,1.0550229885420852,1,0
18,4.792434024696903,49.620981274859076,1.085297914889198,1,0
19,5.299086850576694,51.690906259966596,0.9975182385457563,1,0
20,4.9202723219969595,49.69567956262627,0.8431565707973219,1,0
21,5.812747485201826,41.089760868500804,0.582076584607126,0,1
22,4.838301279421362,47.491214782077314,1.1718790609370293,1,0
23,5.183080423540415,51.64375554829842,1.1214688307596457,1,0
24,5.019415509869608,54.84322495266444,1.122976062065625,1,0
25,4.85958938122453,48.36168926701116,0.8911740650167767,1,0
26,5.0592240554129155,51.30527636089945,0.8027808522124763,1,0
27,4.7169258515899175,47.89677338617321,0.8479461469334731,1,0
28,4.967742857666798,52.02025428407269,1.0075162486973464,1,0
29,5.0515100781445526,49.62777042116917,1.1849789179768444,1,0
30,4.616245756940192,49.867430622753915,0.9139361977509871,1,0
31,6.238972633745586,44.599563323237554,0.5479123781333944,0,1
32,5.067964192837329,49.96309925027713,0.8968221086046002,1,0
33,4.844932778808611,53.86570427944624,1.0912865394447437,1,0
34,5.281041061175638,56.961628767459516,1.0143098736299034,1,0
35,5.776948782502586,57.15744731631521,0.6355128723684564,0,1
36,5.520568892441808,42.65150567466201,0.5275041888291987,0,1
37,4.928650994846361,52.780608992669826,1.0639936184136716,1,0
38,5.272777304883421,62.69581358134666,0.8967409163601807,1,0
39,4.06798756569486,57.35853645763489,0.6774172848530234,0,1
40,4.863995055684302,51.16126848580502,0.8646514856378456,1,0
41,5.058614494659737,46.42824290986816,0.8020246335384875,1,0
42,5.3731549022289515,52.36916460455894,1.0607845038010402,1,0
43,4.805063665954536,53.93542301871226,0.9301598792637071,1,0
44,5.192675225848864,52.063904634682494,1.0630451569201373,1,0
45,4.950922376799426,46.23131917821255,0.9060809470726902,1,0
46,4.9845796581171795,51.70575987408322,1.1568186220708454,0,0
47,5.002600378375582,57.26767038578659,1.0307615538505437,1,0
48,5.125133469553001,45.714212217918586,0.9123089449763423,1,0
49,5.644741724572955,53.78432769796492,0.5740317400510888,0,1
50,4.462760283335502,55.25314905457583,0.5588897784139171,0,1
51,4.910697009586595,54.28199397161736,0.867797098674437,1,0
52,5.034636185170236,51.92658689864418,1.028024468035746,1,0
53,5.1571089106508134,49.41418830254695,0.6404968167974219,0,1
54,5.181024391991312,46.98047813757736,1.1240453578716723,1,0
55,5.004786362893167,54.35956994406197,1.0006065178748798,1,0
56,5.266176265594417,54.94101305252056,1.1183170677744405,1,0
57,4.769486925667997,42.49615803396413,0.8375927759363476,1,0
58,4.992072771592076,47.32668629074968,1.0170578538830306,1,0
59,4.9170936389220214,50.40099356270407,0.8149392754996858,1,0
60,4.821375945274156,48.32591376302633,1.0088973040219218,1,0
61,5.109915269012533,43.645640965619805,0.8341389859975072,1,0
62,5.216710787217739,44.46402762419437,0.5877942841411272,0,1
63,4.651496183694137,53.284354679479506,0.6429191845400124,0,1
64,5.075459253092082,58.25675493239745,1.044688298493741,1,0
65,4.853851719354069,43.60040133368435,1.1031384441857477,1,0
66,6.061601704141691,57.99948316855503,0.534640373982003,0,1
67,5.326482260786327,42.84929311019684,1.0540374603470575,1,0
68,5.069241354646168,60.935166690364845,0.532586885416286,0,1
69,5.518268982135148,57.65700005480165,0.5776339852413044,0,1
70,5.426606674931254,40.23956100238749,1.17658592351061,1,0
71,5.056198373547007,46.88650240089703,0.8284754593840916,1,0
72,4.882127048611157,54.24801048510513,0.8472659310486625,1,0
73,5.1799199750866505,51.536497604383044,1.0940284175215542,1,0
74,4.834200997815586,47.19909479901515,1.1002459006563434,1,0
75,4.995819681207171,50.58663691654391,0.9488072343171132,0,0
76,5.109419476234008,48.98903673783053,1.1433651007372048,1,0
77,5.165083269797606,54.06754818000319,0.8412495475343731,1,0
78,5.261095761430866,50.105019208163796,0.9280198404122447,1,0
79,5.064833270497688,49.34928472816158,1.1802428587750224,1,0
80,4.8363558633533055,60.4619363784273,0.9172843086792258,1,0
81,5.231622174700013,53.95831346981468,1.1166316174903395,1,0
82,4.997550645430617,45.51372814257084,0.8230235040066578,1,0
83,5.19502394668355,49.26471309248931,0.9403660050208315,1,0
84,5.082586290855125,47.18137723598013,1.0472872253265044,1,0
85,5.048993314221745,47.46528412314435,0.8291052025456774,1,0
86,4.905792338876336,51.160249686788184,0.8339350856340768,1,0
87,4.710383131700535,42.962681128117225,1.125119826903001,1,0
88,4.856311155749513,48.932764241440765,1.1108587663709746,1,0
89,5.171531924640404,49.20030735018287,0.8444789929224605,1,0
90,4.996297372801522,48.55670680539931,0.822521310272735,0,0
91,5.064543712067618,45.86384528223839,1.0984179517061694,1,0
92,4.978247970308629,52.00855861049471,0.9142848345127443,1,0
93,5.044818496362083,50.06296200390897,0.8295186258941596,1,0
94,5.0049020348517885,52.48999145622725,1.051759455254105,1,0
95,5.4306364915023115,46.16326218555975,1.0337257247692402,1,0
96,5.437960586643534,45.95850857322424,0.9109524731924531,1,0
97,4.5752208551380384,47.37122489159619,1.0334624447403489,1,0
98,4.602526792733148,47.53699317792154,0.5325233878689782,0,1
99,5.148392603305893,57.38329312714814,0.9672972145162475,1,0
100,4.9852777768416185,48.588894055063946,1.1242213323127332,0,0
101,5.059095504884636,44.51327065716671,0.9523563426524086,1,0
102,5.055127031577482,51.39361517485331,0.9874772639179881,1,0
103,4.978274267182229,49.72257520851163,1.1458889505020213,0,0
104,5.303246664586779,51.562292405489735,1.1779062919529713,1,0
105,4.937395258356712,42.00438263731259,0.851663766060598,1,0
106,4.726281976891628,52.67745904987602,1.0686802737623426,1,0
107,4.834421384216857,48.480677822845365,1.0686292782371198,1,0
108,5.022972293642779,57.756314273664856,1.140872600127416,1,0
109,5.205315969310416,50.83044066254075,0.9613931464849588,1,0
110,5.297809034776896,54.38912584240057,0.8851856646035643,1,0
111,4.653825379246887,57.221693959909054,0.9749899688094916,1,0
112,5.040026883834685,39.14567085934795,1.1134612050964572,1,0
113,5.196309475346016,51.65350278531966,1.1798082494630568,1,0
114,4.997056348273013,53.982027148481635,0.9032977553195833,1,0
115,4.998760172065226,52.01559663542788,0.9315006441150033,1,0
116,4.975417738689709,49.623481726224384,0.8515518887642597,0,0
117,4.779749619030578,52.43836637461647,0.9382669133295453,1,0
118,5.411018521724294,48.40319996233171,0.868927948480652,1,0
119,4.836900185342302,47.20487253383072,0.8354810135028223,1,0
120,4.713182226153495,49.042335880433534,0.9457079444192302,1,0
121,4.979610097504029,50.210670408709646,1.119764159563617,0,0
122,5.170270852920102,46.89818138732224,1.0993038761534633,1,0
123,4.890544032732496,43.85972990438188,0.9938091940764086,1,0
124,4.874695163462291,39.039349718790106,1.0989883752535026,1,0
125,4.755420627713649,58.25532528335152,0.5214344022679552,0,1
126,4.678710735948486,51.017318179336115,0.9076972923797524,1,0
127,4.870685423151495,44.592259981928024,0.8479048527277006,1,0
128,5.337428327014513,54.408198784747256,1.1156684954429352,1,0
129,5.015473661529524,45.693578993358685,1.0347364472083516,1,0
130,4.792550769134709,49.04830660958196,0.9135103623194898,1,0
131,5.185235509506328,59.54708320235065,0.9424386903591385,1,0
132,4.720286485236172,52.81484618345286,0.8407129890481615,1,0
133,4.869871486175635,47.56437308117652,0.8746268096205223,1,0
134,5.009704325588966,45.845249417944814,0.9641587307958646,1,0
135,4.952210390626718,45.46218168979201,1.1877881733101474,1,0
136,4.884645733886334,53.77695612912878,0.8683550349560264,1,0
137,5.019866461085845,53.75693561685895,1.02864507578796,1,0
138,4.86747524821083,52.852993342965796,0.9294716945616974,1,0
139,4.6744915124233675,50.24042473330691,0.8459347298956814,1,0
140,5.127718491755475,41.6923996886552,0.8617450861096809,1,0
141,4.869632778439568,50.23699335658207,0.9346417112775682,1,0
142,5.201258561842888,47.115540652384254,0.9018562619055056,1,0
143,5.105960835583057,57.207843103289505,0.9886304754200633,1,0
144,5.115414425436108,48.984773069785035,1.1322477631150916,1,0
145,5.074229174674262,46.9800740664209,1.1753361827284152,1,0
146,5.01731795749458,49.221613823039604,1.0297892452719648,0,0
147,5.06752053241504,47.94061516938766,0.8806509280190978,1,0
148,5.07889042847566,47.895077595898684,1.06607888827848,1,0
149,5.174224940686338,48.369882339160796,0.9569780429690542,1,0
150,4.59237509296443,44.95956844541298,0.9850719142678426,1,0
151,5.003683675837911,58.382186561376415,0.892885078058727,1,0
152,5.165881116236698,38.944323454960575,1.1625888443858188,1,0
153,4.7042827508440315,55.71877021603464,0.855708829065355,1,0
154,5.126556373221257,61.35346428902198,1.157557033220383,1,0
155,4.908127820091951,45.75077815267604,0.8993956559257863,1,0
156,5.014313247443878,47.61171276617441,1.1049834742962763,1,0
157,5.20750798885158,47.44991800572627,0.844252694782083,1,0
158,4.946025012941326,45.106181421088465,1.1189181463118214,1,0
159,5.151397723329071,45.389173379111874,1.0880146146184297,1,0
160,5.08268698064474,59.38397906279033,0.9007196235627811,1,0
161,4.6442559502191445,57.480221557445915,0.9848023214576531,1,0
162,5.055993725263964,44.37255476350812,1.0023554715537863,1,0
163,5.021878958920978,53.62883311949346,1.0786603295507569,1,0
164,4.841905108910938,52.35734178567998,1.0305153440667252,1,0
165,5.318637325327879,47.443921617844076,1.173746805907606,1,0
166,4.8020790359482834,49.37106539950176,1.1939364795849339,1,0
167,5.011144982457739,55.47095759235474,1.0365101742979717,1,0
168,4.968398420284202,47.8655946502629,1.1211413794392047,1,0
169,4.19636868742195,37.221250120641855,0.5904435881779614,0,1
170,4.774916198450622,49.25481666635235,0.8705547946024894,1,0
171,5.160887822022173,49.213930533177745,0.9449575596466533,1,0
172,4.796561565890922,52.583346543240616,1.184428126987782,1,0
173,4.840177885834947,49.17732170975152,1.198749700738379,1,0
174,4.864486757453259,50.74643281736239,1.099984188159671,1,0
175,4.977031196103395,50.77518311797759,0.8762750882654666,0,0
176,5.167868663619994,49.9968985971353,0.604878053865516,0,1
177,5.249217038499526,39.63304883795925,0.8620960983722851,1,0
178,4.7184976610564355,46.110916562045624,1.0575998172956063,1,0
179,5.187135678629493,56.35777547497079,0.8108383970013935,1,0
180,5.1443344128086474,44.354741143913856,0.8078842151017457,1,0
181,4.895095946744045,52.44687280613959,1.0610984431407497,1,0
182,4.951934920368373,48.12589596225201,1.0889067727422637,1,0
183,4.927806766836184,55.79664901682124,1.0672340546282584,1,0
184,5.1186202515936765,48.45226780343005,0.8052007694042944,1,0
185,5.1246659270844095,47.636918578462414,0.5683634703395752,0,1
186,5.263153301656432,41.23446476530892,0.9072254563291505,1,0
187,5.249338947305917,39.15061156479571,0.9744506116541267,1,0
188,5.194364538034547,49.845208746817136,1.119942102378926,1,0
189,5.431047907686614,53.36128642206886,0.9031550741732809,1,0
190,4.742310524048535,50.50408711127026,0.9089229306077476,1,0
191,4.011122104207102,42.10892285168754,0.5412842543521206,0,1
192,5.794807295183654,66.48979487998541,0.6828823891849919,0,1
193,5.0767227907633545,38.151392952577766,0.818786386710022,1,0
194,4.930397382740632,50.99279181448146,1.0412608437865551,1,0
195,4.695196951654594,46.00780476291473,0.9422690865859796,1,0
196,5.114793391840335,41.23213141045657,0.9904201608796399,1,0
197,5.019064161389544,50.895183982744825,0.8859761514363027,0,0
198,4.682270059299408,49.75585832959162,0.5213196506267543,0,1
199,4.4895034528509115,40.27654656231785,0.6638204635348399,0,1
200,4.782443812947648,54.64741253672385,1.0360922667476349,1,0
201,4.7361304221725185,48.86877390495662,1.0167603789513433,1,0
202,5.163339703542714,53.09330979854966,1.063513346684287,1,0
203,4.909251138292712,53.16470816896732,0.9957699854572561,1,0
204,5.163696946927708,50.66923827123,0.8135783914343195,1,0
205,5.089327946303417,48.93363812017104,1.188423298066147,1,0
206,5.225813887507028,49.59792113145504,1.137819759414028,1,0
207,4.718968015527108,52.505166717586725,0.8482267543109115,1,0
208,4.187254537731858,45.47743964067414,0.6078982584750674,0,1
209,5.206368907893727,42.57219813481514,1.1543910992944748,1,0
210,5.016456797855085,55.32740187532676,1.1756270794051584,1,0
211,4.8965423099799255,57.0467372009279,0.9919502481215635,1,0
212,4.910899495719845,57.2669223855885,0.9685428009108281,1,0
213,4.915962636580828,48.59107695569747,0.9418488630563107,1,0
214,4.799171846649586,46.16101217447936,0.8168372758545448,1,0
215,4.489594533783966,40.232704145140495,0.6899922367900451,0,1
216,4.966855389370677,45.872075784912695,1.1516473230248658,1,0
217,5.461944551081237,46.680515432266674,0.8668135784368302,1,0
218,5.233420582876727,58.10554278893858,1.0050754044066035,1,0
219,4.896493269818355,47.00537801720332,0.8745753048577019,1,0
220,4.900806190734706,49.15942552187353,1.1876410520563245,1,0
221,4.925320146324686,44.132148964939375,1.1032953902816365,1,0
222,5.0687237179070435,48.11723674488867,0.8897762287346643,1,0
223,5.471475273006542,54.68919150783322,1.0320344831351245,1,0
224,5.675140112846887,54.84524676034033,0.67242552345309,0,1
225,5.131708854534566,60.05102269383175,0.8347947039645641,1,0
226,4.724136154397095,46.34534980029041,1.089368045475434,1,0
227,4.896477740192766,51.11893975819449,1.1404827656195073,1,0
228,5.505386485174724,47.3456561353984,1.1298723863700597,1,0
229,5.136378297925262,59.23353662868017,0.9068113080677686,1,0
230,5.1181309661384615,55.54351790291454,1.1402326916376968,1,0
231,5.164096436239473,52.53637015553649,1.0789885846677134,1,0
232,5.276431798207505,53.24354943794821,0.8634420421172295,1,0
233,4.966576383936629,50.733568432166614,0.9340475417036568,1,0
234,5.07373466177458,48.0333059383632,1.1328536711830968,1,0
235,5.03821981360398,50.23218274078074,1.0527254108066673,1,0
236,5.129096836228215,60.8162736165273,1.1119381580604575,1,0
237,5.049876736742151,57.887266398817374,1.1851968015435979,1,0
238,5.121579301943308,50.93304561578179,0.8410038911962717,1,0
239,4.9107132770898945,50.970449964491536,0.9203854267787265,1,0
240,5.026593934829375,46.499395925304135,0.9383532227811827,1,0
241,4.888215630545682,51.8860593753226,1.103305278371609,1,0
242,5.480274921678103,48.3914970559602,0.590277404865935,0,1
243,5.129727266944192,54.936544496283126,0.8883078451155042,1,0
244,4.836555956828055,52.16665293744947,0.6788198407358268,0,1
245,4.749692115161912,57.2188230203663,1.1457432999358548,1,0
246,5.068545069275541,52.28376609576892,1.1083687378576208,1,0
247,5.1285445519735084,56.64576265066216,0.8524979510729551,1,0
248,5.712701127276554,62.5051942000223,0.5860611789798925,0,1
249,4.851833518406459,49.92855484305016,1.0327885607657594,1,0
250,4.873078992941329,54.97876118340678,0.9820880596327205,1,0
251,5.293552092969918,58.71042294261899,0.6559701977786699,0,1
252,4.209907157061236,45.81381039461991,0.5997776306902712,0,1
253,5.10497775573279,58.90812545212684,0.8039083389676736,1,0
254,4.824736266405163,50.18830116583969,0.9402507724836723,1,0
255,5.280436874310935,57.762620426291925,0.533496516451814,0,1
256,5.279871087317201,54.62316841456384,0.8126344579302569,1,0
257,5.011926073984035,46.76531611147213,1.0836242077803666,1,0
258,5.179038644005546,53.175859008409844,0.9357800770171224,1,0
259,5.2634788131268655,50.987998023462,0.98092731380732,1,0
260,5.34719276063305,50.98955391731324,0.8326519928122359,1,0
261,4.304574598915665,60.27181774193602,0.5673791583542214,0,1
262,5.123737309569581,55.6466221876975,0.9992782865812556,1,0
263,4.813357318470881,53.766628801886206,1.1985335664226966,1,0
264,4.774434555899739,52.82138694013368,1.0720912969725165,1,0
265,4.8273138306494,50.65626395198869,0.5691869985093926,0,1
266,5.044890363711994,55.23549151306077,0.9754461676758361,1,0
267,5.215736166686259,49.80745765249647,1.1602807456045034,1,0
268,5.130464575682684,42.11803921507875,1.1649453382466763,1,0
269,5.295308069945179,56.90045677073726,1.0932452089661124,1,0
270,5.098806037256548,51.303368829119535,0.8718732435480968,1,0
271,4.994889185801711,55.86364509629682,0.8988924297612708,1,0
272,5.154339742129669,35.75728689684962,0.9436933477599063,1,0
273,4.9275118117193735,44.40165052686928,1.187764928934115,1,0
274,4.741063704855819,55.8041339368926,1.1093892502746403,1,0
275,4.990615884224163,52.385204136115604,0.8944201853385856,1,0
276,5.1151023327434295,40.565009696352334,0.549742854517526,0,1
277,4.832322501776423,52.603322102671044,0.8670476865153272,1,0
278,4.754123702995511,59.85149443630031,0.6170708728793504,0,1
279,4.948191570835859,49.01825075457511,0.9078998446067958,1,0
280,4.718288863091094,38.81329177276477,0.686775003505581,0,1
281,4.882247292758641,50.04645876265457,0.8593372803848356,1,0
282,5.027868518724253,52.26267445910668,1.1471673178080088,1,0
283,4.579816227709617,64.68876423583887,1.0667457030184417,1,0
284,4.812306417958831,53.22134079754651,1.0693729733299668,1,0
285,5.055313830518986,46.74643231327455,0.9775000877218285,1,0
286,5.109443187611401,45.41420097401982,1.135246115859244,1,0
287,4.993822472885684,60.017036335910525,1.0471388960804855,1,0
288,4.91021583447804,50.337492679375046,1.172379478202791,1,0
289,4.784667898364467,53.342039804711824,1.0635541880930628,1,0
290,4.845674335516624,51.483141598380875,1.0631381218412144,1,0
291,5.2010285146556035,48.73809978267775,1.1129541936233094,1,0
292,5.112880597578653,51.777753148371765,0.9616561286604132,1,0
293,5.209384025530002,52.84975152670691,1.1049140539106463,1,0
294,5.257951305675075,48.693000375224386,0.8480836221482434,1,0
295,4.744395483312725,41.78129642205971,1.0781868826759449,1,0
296,4.689454586436792,48.482320072114014,0.949300716651736,1,0
297,5.033938758470404,46.49942063397496,1.0672851194220065,1,0
298,4.550180854388812,46.58503834824439,1.1453334598287301,1,0
299,4.909151144969347,49.90032302377095,0.9364991310504626,1,0
300,5.289076937916587,40.879650630535316,1.0134410186907514,1,0
301,5.1359946151033515,52.87734333747215,1.0872492304905976,1,0
302,4.949462862399807,51.96042264850435,1.1708138179185226,1,0
303,5.665921982932144,46.952011719581336,0.5569745803923846,0,1
304,5.035978830230696,56.960011431723,0.9245230796624014,1,0
305,4.802074372685932,54.70385593994108,0.9654196406101406,1,0
306,5.110010419804911,45.15827772568183,0.8725753390782508,1,0
307,4.879726471209757,51.598909670712686,1.0269248878515613,1,0
308,4.996072440214664,52.76244977208574,1.1223970199100632,1,0
309,5.025044900529582,47.852972294373735,1.1805613368826626,1,0
310,5.009772014065141,50.20295845601941,0.891231908779573,0,0
311,4.719478945640061,58.7478837159347,1.135944521146688,1,0
312,4.751227352921743,46.53547401102046,1.1122102060975447,1,0
313,4.941010064341595,56.23871036336867,1.0670199597165881,1,0
314,6.143544738332016,52.069714490646874,0.6725594155086456,0,1
315,5.244916887525228,58.11698281149523,1.018678965085628,1,0
316,5.291898720676704,41.573445306190294,0.9987067435436677,1,0
317,5.0829083628759575,46.13847987336762,0.9617275072417169,1,0
318,5.195276790692421,55.52024568241677,1.1965023974808753,1,0
319,5.060537069799198,47.329258251559516,1.0313547668025635,1,0
320,4.779844143432663,46.44350687619731,0.9419985223327749,1,0
321,4.272287865837406,51.990563943993834,0.6760158175122917,0,1
322,4.601252871485709,51.87028284923786,0.9332007652232792,1,0
323,5.334514477367541,52.095095046830224,0.9860822449134873,1,0
324,4.667498073756517,51.556051151961995,0.6071655368946163,0,1
325,4.975039507615228,33.322136379166864,0.5798631831618616,0,1
326,5.242619539995837,50.70858456819953,1.0083831909088168,1,0
327,5.038409823298006,48.4544176789875,0.851085393454094,1,0
328,5.1416217353377185,54.783511583972924,0.8144641522099049,1,0
329,4.84280210789841,43.343835232211106,0.8350570987055355,1,0
330,4.63275892537934,52.53995663456272,0.9587926068297133,1,0
331,5.077715720906193,62.46499758716395,1.167756789285767,1,0
332,5.016365871709513,49.50555173404429,0.952249317390632,0,0
333,5.053478462814381,51.60848903098007,1.1160121745228246,1,0
334,4.965008048660918,46.221274202535774,0.8694098059946035,1,0
335,5.005636231473826,49.954405016778985,1.0563888309381329,0,0
336,4.9949946082509715,54.08883149600143,1.042501175100391,1,0
337,5.002070523968676,43.4408188382492,0.9594652111089252,1,0
338,4.878097559568143,49.06514348507277,0.8103247627797948,1,0
339,5.0113299849794215,52.64846377178365,1.186328864461288,1,0
340,5.012894882962024,40.12266716823064,0.9758046754531641,1,0
341,4.7580610514317785,52.999643649981024,1.0478351819591318,1,0
342,4.957311425813958,57.45363068424976,0.8232655182021904,1,0
343,5.029733491440422,48.31457014440981,1.1934715701053653,0,0
344,4.877319467291812,48.48765156755936,1.0768645366776528,1,0
345,4.54817219431496,41.33623185155002,0.6247791672583276,0,1
346,4.791205432000348,48.955197563339844,1.1546416860961868,1,0
347,4.898578421173478,44.14479072912073,0.9656519010115708,1,0
348,5.175728701945209,53.810992003961054,0.804412505771459,1,0
349,4.9216870387340395,49.92403435615005,0.9039252834980137,1,0
350,5.021769126041824,44.40684285900596,0.886080748806895,1,0
351,5.490718300853313,66.09210712057364,0.5196165161568489,0,1
352,4.911343549761698,45.575986429865495,1.09494283095512,1,0
353,4.7256197714137285,41.932193010616295,0.9837787073623947,1,0
354,4.866185452268017,55.199523436980385,1.075253882434617,1,0
355,5.135585174267854,47.560442959271484,0.81537053958493,1,0
356,5.431461642653101,46.971425384983306,1.063741568882313,1,0
357,5.26034825787976,57.807555983634266,0.826660816224276,1,0
358,5.091994428587824,46.61142315123947,1.0048887683250698,1,0
359,4.9269356897375784,50.92340152932454,0.8285026911061035,1,0
360,4.0958621131410915,60.97265937253222,0.5196791299426795,0,1
361,4.843657495877606,54.39796293993183,0.8083779844123652,1,0
362,5.893347665895432,40.69308148821628,0.6287808507082261,0,1
363,4.871296353923971,54.63920064040619,1.1919881317435403,1,0
364,5.305693685282506,52.53917878144812,1.124707915236055,1,0
365,4.927009454091423,45.80395166330497,1.1712334561304198,1,0
366,4.791038161195793,40.16821705311999,0.9757619958777809,1,0
367,4.955749275282845,48.6159335005554,1.1547699600837078,1,0
368,5.172094697671949,47.08461280715531,1.1445479985453744,1,0
369,4.966575657242718,51.4128997524415,1.1020167714985112,1,0
370,5.0981949903276504,53.67438893024909,1.1105789785998899,1,0
371,5.036204311740741,43.51584026022077,1.1938678958098032,1,0
372,5.079937590350529,46.74321553104085,1.127114131942778,1,0
373,5.247656614286727,50.10635788368031,1.0931206179065003,1,0
374,5.048150635897714,63.008415570901974,0.9190193805275282,1,0
375,5.150668324220907,51.90579192441389,1.0545165415916993,1,0
376,4.972308803203245,43.87850881855317,0.8037326479308373,1,0
377,4.9581953485427945,45.7473977289535,1.1200283874796637,1,0
378,5.333980900870281,51.9733576491149,1.0463941801040715,1,0
379,5.23932629732913,46.95108547840309,1.0216906056528066,1,0
380,5.694484130153158,60.610875144008425,0.5297776100664889,0,1
381,4.836562906678201,39.529396861681114,1.0888283752810948,1,0
382,4.660230160039271,57.28597879978123,0.9650487363394495,1,0
383,5.233309718195401,47.13501097504527,0.837196255929253,1,0
384,5.442850304692455,48.51991386335051,0.8259414377931874,1,0
385,5.372263119447279,59.43307323044705,1.0413950666385818,1,0
386,4.8750420906131895,54.13925047981209,1.1300197640720249,1,0
387,5.223180410673073,46.753672109620375,1.0830723738963663,1,0
388,4.44528742741731,54.00468319814731,0.8589810106825136,1,0
389,4.831347879141251,49.323785521839845,0.8882447810844846,1,0
390,5.0379695672424925,52.88379033096536,0.9684992213176288,1,0
391,4.930077562644439,51.308314863482394,0.9639619558785153,1,0
392,5.23972827439821,40.3131884176177,1.0351077443448793,1,0
393,4.717835100382425,44.127647366166414,0.8104786834128259,1,0
394,4.341666940726218,48.49549121742937,0.5372202835692554,0,1
395,4.7660166328579425,35.63868893359175,0.8533919889663776,1,0
396,4.49174552848481,50.00343621174931,0.6313910312534279,0,1
397,4.804724945743326,45.53772080321548,0.8987915196288,1,0
398,4.831943713868574,45.38584905136584,1.1037593049671854,1,0
399,4.894784393557608,49.92990230871206,0.8250612813821419,1,0
400,5.020328857537902,44.344868042540284,0.9644382410402826,1,0
401,5.04941547556126,50.43665528957705,1.0240672733847367,1,0
402,4.97809014170616,46.979938625374366,0.9040631163848205,1,0
403,4.777920096540796,52.835277586940514,1.026132101828644,1,0
404,5.0159986761118285,51.73953058162443,0.9398025488347275,0,0
405,4.914648576623529,47.29082506165679,0.9003866645361193,1,0
406,5.203500245816836,63.31591175059912,0.845907548747687,1,0
407,4.94089175197069,50.76157756788312,1.0831340388919075,1,0
408,4.983470442992362,45.85491540170818,0.9938785148520188,1,0
409,4.910323956189224,60.050046446500005,0.9647062166338034,1,0
410,4.857847979290164,50.36885053943443,1.0050010595081327,1,0
411,4.870551872402391,49.705590950486375,1.1145112797536132,1,0
412,4.858193257667059,47.44781973786517,0.932086025948599,1,0
413,4.710774393487967,50.47496875678152,1.1511320312608162,1,0
414,4.9279053191590805,52.55707750464977,0.9804957376723953,1,0
415,4.9877913149060005,46.320707753385825,1.163688082344624,1,0
416,4.805310651720105,49.97301311819233,1.0627120418897176,1,0
417,5.261894579270143,47.15928835082833,1.1857906615603246,1,0
418,4.633846310321027,51.00325901977843,1.1171417676135358,1,0
419,5.237629146941397,52.683718115062305,0.9583881890649819,1,0
420,4.756177077736156,50.58860608690455,1.078359647267521,1,0
421,5.166761467831873,47.86122156476624,1.1624573019063065,1,0
422,4.890698521098249,47.42141465033499,1.1575958840031482,1,0
423,4.960094265334118,44.184052694731804,1.0461192100279209,1,0
424,5.572371441296604,54.79492289498268,0.6269342546507882,0,1
425,4.96257114699909,54.928649978399314,0.8648933623129917,1,0
426,4.856215815469425,57.793454830166375,0.6462992980680724,0,1
427,5.054194907769238,51.520964597767104,1.0163175019942177,1,0
428,4.939267695225201,40.223617868449494,1.1286547590841887,1,0
429,4.981766176088763,38.799750507402486,1.1312997009748873,1,0
430,5.109163434912403,45.800595517446325,1.1303912850832327,1,0
431,4.886943044720184,47.946456704487915,0.9391765646328667,1,0
432,5.152718220123971,56.28529978344547,1.0483714269913724,1,0
433,4.979395359720557,56.12566174083937,1.1916419752060619,1,0
434,5.074486929396443,46.04966837432361,0.9300416061726796,1,0
435,4.919586651096666,52.62132338821584,1.134816450097176,1,0
436,5.275173234636791,55.06273000526918,1.005061901258021,1,0
437,5.205736522139278,43.416255765889716,1.1753219273793931,1,0
438,5.144722117445775,53.33730390819656,1.0659939613903981,1,0
439,5.054539558705987,53.251908943606345,1.024176252392176,1,0
440,4.659024289173535,38.615043962334745,1.145825443809068,1,0
441,5.050587362853016,49.68276968027927,0.8442882373305263,1,0
442,4.955627819240939,52.108422341322225,1.1433366707196484,1,0
443,5.03919500677292,51.58489708886703,1.1219627107365755,1,0
444,5.341973370203503,65.45642451212292,0.6407371954921591,0,1
445,4.955306803525629,48.25341601940901,0.804961614510926,1,0
446,5.15998838038841,41.91844695781706,0.9188951230834469,1,0
447,5.190061518394715,58.553066862909624,1.156920999255861,1,0
448,4.9791101562925055,49.155891384049944,1.1178313114800762,0,0
449,4.521015648933955,51.422641514342644,0.5229865994119134,0,1
450,4.579546658189666,39.397886700441916,0.6785046579909692,0,1
451,5.322455651597729,56.57457226792024,1.0366788649225303,1,0
452,5.015086727780319,41.99017094051416,0.8416899211233391,1,0
453,5.4341885434995625,49.120570937838316,1.1802124210344813,1,0
454,5.0087204892744905,58.47525520215376,1.0536416125505326,1,0
455,5.103993246633788,49.032820883404995,0.5553628615582611,0,1
456,4.955961074598409,39.66072636782004,0.8784390850953572,1,0
457,4.821133475382316,46.652949025837245,1.0066290513783915,1,0
458,4.825343874921921,48.28547800865196,0.6863507438865633,0,1
459,5.042639325647538,46.240153341305906,0.8455353573906406,1,0
460,5.21520142771972,50.106558243359714,0.9974186321360474,1,0
461,4.858318646617907,42.43142803693586,0.9687312714155325,1,0
462,5.0534253302022965,52.54362511614967,1.0431620856362815,1,0
463,4.903387789663312,50.73396505992775,0.9030428881334888,1,0
464,5.76905179475966,57.96175960554087,0.5738106043521833,0,1
465,5.304279699566385,47.54531275064318,0.8284030658133023,1,0
466,4.653577227308783,51.650915431531075,0.6187321582417077,0,1
467,4.712464326976967,53.41327203635696,0.5241116832807381,0,1
468,5.011670200857096,46.276078966367365,0.8568548495173831,1,0
469,3.9908707845041245,44.069388261239155,0.5246006590247492,0,1
470,5.25314156817294,45.66912575892749,1.0609166594367758,1,0
471,4.87075453803124,58.87655446304756,1.069186648957773,1,0
472,5.2001164636085955,46.64689895461677,0.9785678065606329,1,0
473,5.057738725855971,51.3016091938561,1.166654094336483,1,0
474,5.158697744110443,41.257340133809095,0.948468969375051,1,0
475,5.206509240868331,55.633525684137915,0.9498211548080485,1,0
476,4.778859066302813,48.92539484855632,1.1560388140735234,1,0
477,5.262061749223921,56.97841905394978,0.9362416666325166,1,0
478,5.258238980051144,60.98345408827319,0.5435785108509981,0,1
479,5.378277569910068,47.68951990674301,0.8562211870313443,1,0
480,5.001098510048679,47.621473681344014,1.185606962847081,1,0
481,4.7803709043938305,48.190943303837166,0.8093408385312744,1,0
482,4.639243715644365,48.22506357943356,1.1600332732065923,1,0
483,4.9813131858166,51.14491212530539,1.1553614689234726,0,0
484,4.692066696145336,42.56861485024853,0.9361548417018023,1,0
485,5.036660042420999,44.09853530205053,1.0166819249640016,1,0
486,4.956168796057388,56.13860438569589,0.9209332997405975,1,0
487,4.747709033268978,45.67480386825503,1.186566954346563,1,0
488,5.192284337073509,40.8763797654963,0.8556786805382782,1,0
489,4.95894258170238,61.6708179006352,0.9607115202617297,1,0
490,5.058372352400003,54.497324855741226,1.0277509444729132,1,0
491,4.910417104062603,43.62083956715031,0.8157838131563597,1,0
492,4.695095742676165,51.20462498644734,1.1856115388662054,1,0
493,5.053177259611867,58.84558350131643,1.147987663859074,1,0
494,4.927647386232637,51.40060694484725,1.1176842650197623,1,0
495,4.975076440761974,44.13704195573629,1.192394951265074,1,0
496,5.051054677482712,55.22948357747935,0.9501319631678408,1,0
497,5.127957466359107,46.37365511019464,0.9546162027292111,1,0
498,5.543189314462577,48.65140734221332,1.1462308582498208,1,0
499,5.238791251997656,48.31551087208254,1.105811117861887,1,0
500,5.233161203841677,48.977725101573874,1.157236082078166,1,0
501,4.459423702381892,58.94567012573339,0.6375444084861122,0,1
502,4.845424466435278,52.03526143562267,0.9197582353486725,1,0
503,4.874656555082007,54.311967361913794,0.8842819855468813,1,0
504,5.190625009075218,52.56542710048647,0.9178477585384773,1,0
505,4.717528736054399,45.90291603304181,0.6227208228474916,0,1
506,5.492791642575819,45.720811145248376,0.6616470420018444,0,1
507,4.621277066609243,51.06646853686469,0.8307448301104654,1,0
508,5.131849133686481,54.68785068813279,0.8200904045855896,1,0
509,5.271182566430136,43.60445762550153,0.6858456107263707,0,1
510,4.944321765837804,53.16680657421826,0.9905747945375166,1,0
511,5.015779219319702,50.11569361549084,1.0413972384173515,0,0
512,4.8290654110057165,51.675185626312334,1.1554636321061595,1,0
513,5.437497765874841,43.54817757728582,1.049913545115761,1,0
514,5.734654782386728,41.16506694932139,0.6105001934815778,0,1
515,5.078483193435753,47.45518187146251,0.9085637521786858,1,0
516,4.861057373782188,47.95358780943448,1.0518230787566947,1,0
517,4.25327402028534,51.92185662751218,0.5552339115641799,0,1
518,4.828310011925063,55.62793885520172,0.8407569552264055,1,0
519,5.145736959443383,47.55901501383877,0.9253391670340573,1,0
520,4.968081087635001,54.72485832694366,1.1639772575417568,1,0
521,4.986890478643799,59.908459032000145,0.9550595221822589,1,0
522,5.104448736249602,45.91798006949479,1.0665541654312825,1,0
523,4.788922596581503,55.292422717651625,0.8421459689003427,1,0
524,4.912378035151281,50.69888484883118,0.9440201863603913,1,0
525,4.433496085844759,50.084453581212415,0.9830798420637176,1,0
526,4.7190871485860715,42.91751182460266,0.820942008074989,1,0
527,5.247024364389706,48.39954009527805,1.1401392004479582,1,0
528,4.925881895385509,60.51903046063705,1.152062695168594,1,0
529,5.194188266275372,58.01126612803455,0.9181205910287331,1,0
530,5.254918375058703,54.050311520263456,0.92625093750534,1,0
531,5.309599950784804,46.19296228357597,0.8796861099576213,1,0
532,4.824303432690386,42.93732118289498,0.8232367808321399,1,0
533,4.65123037667342,50.595092030269875,1.1341920902968776,1,0
534,5.159855321473935,45.88243655181313,0.5985729168894893,0,1
535,5.482523084322583,53.92302143949012,0.8039695284511343,1,0
536,5.004493178562409,52.73559557587605,1.0710169069835813,1,0
537,5.143076263088249,53.59092862853967,1.0085184190616556,1,0
538,5.134572247193364,52.95907066870689,0.8480828916482306,1,0
539,5.020371259052397,57.74510075747594,0.9392382372673153,1,0
540,5.032952168247303,50.25443850928009,1.1388243307935597,1,0
541,4.552002499311122,40.328241957107444,0.5605831457666385,0,1
542,5.260899158925345,54.78648102638358,0.5115688898894322,0,1
543,5.004177297659193,51.153504528593416,1.1851073401012824,0,0
544,5.315091577588157,49.16449664298695,0.656264371149461,0,1
545,5.06514147156264,48.15207235541431,1.0543818828654914,1,0
546,4.765996469880218,54.24281017237874,0.9380768833976842,1,0
547,4.947404239243864,40.8214436297949,1.1560564549584058,1,0
548,4.7821839767704395,49.220892628354484,1.183173648422708,1,0
549,5.000760615224637,41.86840323019208,1.071848133094043,1,0
550,5.314709017181726,38.46212808054499,0.5087799885286011,0,1
551,4.715208569509971,48.666738353827924,0.8199916114638716,1,0
552,4.9141511159402675,52.942766348853596,1.18425079020528,1,0
553,4.6803751296232505,52.31086333040972,0.9747983542662484,1,0
554,5.037941233522079,46.69008911101695,1.1924711347049177,1,0
555,5.085177441238607,50.09573888707876,1.1029240828537756,1,0
556,5.360869621957349,49.04548104136351,0.8989361263276333,1,0
557,4.808712724636398,52.362031389401885,1.0260341249811025,1,0
558,4.937388393895369,49.99645702711677,0.8036153876317169,1,0
559,4.749918453206057,53.022576631776836,0.9286679958638194,1,0
560,4.9059915704481,51.32939114826024,0.9714808083945734,1,0
561,5.425892289776201,62.4793889480005,0.5743448132804686,0,1
562,5.049502383315241,50.75202719088082,1.1803714378010193,1,0
563,5.238391771223423,47.03866734587442,0.9004005533049201,1,0
564,5.27574194925267,43.775843808909215,0.8961595651574028,1,0
565,4.694745800655557,50.16287788704281,0.815571985330267,1,0
566,4.564171160460445,47.69221911374592,0.5873228379537532,0,1
567,5.323442514993725,50.52177968761607,0.912998426389141,1,0
568,4.962175921844593,54.6082505596223,1.1121462012027528,1,0
569,4.709764861989688,49.93955526076973,1.0364521213034066,1,0
570,5.17737747801946,47.89619103159473,0.8828303236843421,1,0
571,5.559684444038949,58.72292013599839,0.6309301373731908,0,1
572,5.021894120809458,55.26264470674832,0.9129889705480015,1,0
573,5.138047360076055,37.20815808371449,0.821853768000389,1,0
574,4.853697319220734,44.884022443408526,0.9215770049020109,1,0
575,5.243474713950326,54.10277709503187,1.1393701516362098,1,0
576,4.787540568966725,44.00858307126421,1.085048533239405,1,0
577,4.907947319683335,44.322695531509346,1.16077607869966,1,0
578,5.291946375007588,41.39948724526091,1.0644057016989281,1,0
579,5.040649442529434,45.66628616930639,0.6904443571395189,0,1
580,5.049075909472054,40.37751395372198,0.5205031928132949,0,1
581,4.5381632537430265,50.785268027007255,1.1731699450278688,1,0
582,5.21638841194817,54.9776623454154,0.9846864575252476,1,0
583,5.2174928348063,54.620809119279514,1.144676361514938,1,0
584,4.8928081709181415,52.70012115808461,0.9381367808979552,1,0
585,5.211641409388782,54.687800611023825,1.0248291177610285,1,0
586,4.52174511379517,49.625620308967555,0.8652141347726364,1,0
587,4.8575011614383525,57.22210194076846,0.8100773655836918,1,0
588,4.987942201721678,52.273975848211904,0.8939893619983811,1,0
589,5.038641484542839,56.598222472386496,1.1868141101024583,1,0
590,5.511980919164407,47.1027255461406,0.531454641635943,0,1
591,5.138695782382799,48.039936800404355,1.0690811976835592,1,0
592,5.136713864640096,43.17022144399733,1.0286983932574996,1,0
593,4.9261445721507595,50.716942336711256,1.0195434660309424,1,0
594,4.794125698363586,43.23664857078233,1.0485169796198441,1,0
595,4.874147321261442,57.6686385495825,0.8273412801239834,1,0
596,4.89283970738954,41.463210212035264,1.0741775532887605,1,0
597,4.968820364412666,47.258563517546996,1.1777794330777214,1,0
598,5.223479763180492,57.24249614946463,0.8795968555837748,1,0
599,4.917306967775345,51.30140253291443,0.911141110435885,1,0
600,5.068757576309977,49.75673824214775,0.8270010186735288,1,0
601,4.953919857158846,45.37883427865848,1.0951539939338424,1,0
602,4.630762427552381,45.35244569903795,0.9590449514211482,1,0
603,4.983312406041928,42.75177390150735,0.907413502427043,1,0
604,5.041453465879789,50.34672168518125,1.04145488022375,1,0
605,5.418503466902184,54.54412883240718,0.5534804055715082,0,1
606,5.804102722163159,48.889773863963775,0.6195336565405406,0,1
607,5.110295255047904,51.702946082002484,0.8810530536541373,1,0
608,5.20946354132429,55.84794996213887,0.9632606763466792,1,0
609,5.6542764268053505,62.29553578650989,0.6344920996050057,0,1
610,4.827121785817164,49.2953604286119,1.0993537398704925,1,0
611,4.678906982056191,47.80497024564386,0.9737613276026439,1,0
612,5.003161508822368,49.56622124725528,1.0453166739549515,0,0
613,5.161506199963762,45.13378843313733,0.8365565945327106,1,0
614,5.0718366098384156,52.83970871537566,0.8054982216045381,1,0
615,4.860279032880789,45.647414470761554,0.8990239081119545,1,0
616,5.409759006334921,63.17097633288588,0.6902981420353573,0,1
617,5.099937022060587,52.360011354596374,1.1730842032531046,1,0
618,5.0964497905361315,43.81168788836351,1.0971525974671756,1,0
619,4.847342779164284,50.18968917723801,0.9484451753720511,1,0
620,5.214595609553203,61.8193624730968,0.9075414057528775,1,0
621,5.060763719120975,53.60781252563072,1.114954810700933,1,0
622,4.732278840055351,53.46459311515805,1.0821843321133944,1,0
623,5.398503070633623,46.16671706108326,1.1745122485875705,1,0
624,4.335132859227426,57.13548658395834,0.6005262485260261,0,1
625,4.73795081003793,49.9674335364521,0.6310347429048676,0,1
626,4.944207413933638,48.60119915752083,0.8281967782572579,1,0
627,5.158074379210342,51.70025647284445,1.1256502742364647,1,0
628,4.933738323363335,46.93881632746125,0.9239227501289876,1,0
629,5.589818885061745,56.22339790368393,0.9427543900684441,1,0
630,5.096373212343698,52.736323986889836,0.9231183326722983,1,0
631,4.97490914799942,51.639397620796785,0.941769979517222,0,0
632,4.954040073884961,45.74296782869843,1.0213484758999087,1,0
633,5.073496333094861,48.432351569138014,1.070776313198735,1,0
634,5.084018898090369,53.034252966078355,0.9756842404998869,1,0
635,5.094726415362291,45.368094350092306,0.8717013022957123,1,0
636,4.9165266372789835,48.52455042881047,0.866113796057183,1,0
637,5.775536333182724,45.80746584098725,0.5038257932874574,0,1
638,4.943796070545683,52.124830581237724,0.9417085308868862,1,0
639,5.021149895888871,42.36390038764313,1.043101073238261,1,0
640,4.970782635693664,47.03536733475989,0.8936813483705337,1,0
641,5.022510143001646,52.22517932058095,1.0227513772688384,1,0
642,5.268340152588398,38.3467261822655,1.0785719228144428,1,0
643,5.000089098837509,43.51415689057562,0.9647832380136407,1,0
644,5.109775768763791,61.0960063598089,0.846157856871567,1,0
645,4.932853801016056,46.05277319879506,0.8571367859257328,1,0
646,4.9054297155300715,43.577848127962,1.1582699110475114,1,0
647,4.4630423905765015,51.297867807401104,0.807249616418292,1,0
648,4.990859953780644,46.17504025621936,1.02427131797558,1,0
649,4.78071950276972,54.1911843978557,0.8039915106633798,1,0
650,5.248899615204212,50.66010461308779,1.1285553451602777,1,0
651,4.582836828215342,49.065652015748,1.116623281036548,1,0
652,5.0667455727123745,48.51194518941652,1.1530239507089388,1,0
653,4.9630830673509365,46.50902233454195,1.1214150637850413,1,0
654,4.944859561415827,54.703480719113415,1.0167043857070253,1,0
655,5.038307859888966,47.20128763202259,0.8296421690299469,1,0
656,4.941044143140052,56.730891318133125,1.19887294156118,1,0
657,4.784425637724562,46.55641166788543,0.9402082137144647,1,0
658,4.962645617160942,46.91195409099607,0.98569540789569,1,0
659,5.257879372686005,54.84003237470317,0.8033454727507429,1,0
660,4.9582091689551975,60.550677910428114,0.8021253902673384,1,0
661,5.0537067972929615,57.565046330019946,0.8265853303105088,1,0
662,5.279319378316253,52.073239925523914,1.1006987969583362,1,0
663,4.771147713721659,50.28645177226508,1.0684629893518753,1,0
664,4.85587206563361,52.6441565090651,0.8779900799601157,1,0
665,5.071200525845005,51.08998705333069,1.1034861284655682,1,0
666,5.1568255181729405,51.55295629436351,1.0315227018047761,1,0
667,4.98152031227933,43.91439798823547,1.0865588447832395,1,0
668,4.873937504149404,44.95972261444026,0.8966002511971334,1,0
669,5.17012953355645,49.21628962108862,1.0028238586954874,1,0
670,5.044453226489648,47.60331569279574,0.9531195057745552,1,0
671,5.22166753732743,52.98391389837488,0.9087784157673795,1,0
672,5.0196620384476205,49.735859977126154,1.0545497126133498,0,0
673,4.8365198206185305,46.95216085582008,1.077856383557491,1,0
674,4.694814056245481,53.08937400232284,1.0647875779175475,1,0
675,5.142525696769286,53.79773234789021,0.8750889622769009,1,0
676,5.9304204938993035,47.56383066126878,0.5067352807748928,0,1
677,5.069930009459939,42.175986143189725,0.8155917282644523,1,0
678,5.135828555087639,48.48977250255068,1.1552472755736143,1,0
679,5.067011605816823,51.58077978591389,0.899603494443636,1,0
680,5.151357735997396,53.062343970068014,1.1432093084028916,1,0
681,4.796663374284701,48.779597631628995,0.8089703556648221,1,0
682,5.066771993313707,57.15683390915592,0.9251111956841416,1,0
683,5.124413998061209,56.644666597677045,1.1049210498003839,1,0
684,4.616042556206761,44.35907265207116,0.6173873013117814,0,1
685,5.353754356651884,47.53928242401999,0.9556921886767153,1,0
686,5.140728323158635,50.79579472666053,1.171655808006185,1,0
687,4.7058389836653465,50.705846493457706,1.1982524437995532,1,0
688,5.223691528969575,52.74657822279114,1.08604006451348,1,0
689,4.986771343025267,46.73454169324832,1.0699145208669643,1,0
690,5.1116583349511595,49.19814499708776,0.8669428128947124,1,0
691,5.22258930604144,55.38825654764572,1.0594555827075263,1,0
692,5.080820331001802,44.89012944804602,1.039720846455775,1,0
693,4.920459177218617,59.09974425274835,1.067104236641261,1,0
694,5.104615800800479,56.654335901835836,1.0798558278488486,1,0
695,4.803947764740498,65.3097348270311,0.960754879956292,1,0
696,4.669054344718001,52.69399079384631,1.1685230048851902,1,0
697,4.652186873779113,55.56452833690466,0.8207957407910831,1,0
698,5.45529844019084,58.18204773210357,0.6318090820264465,0,1
699,5.125905916844363,45.97842120170004,0.9146078195708492,1,0
700,5.0506330476075965,54.10172006306228,1.1893530476659284,1,0
701,4.896714071222486,49.01766708285951,1.1901372533916281,1,0
702,4.958828113823932,46.26710826729881,0.8284139556176009,1,0
703,4.964645167376844,42.25690850568127,0.9074248669814571,1,0
704,4.948764049500924,48.792512770646105,1.1892307191649194,1,0
705,4.987647160027974,52.39720759043032,0.9113473926650627,1,0
706,4.759359828922171,44.78977793878448,0.8930023968831325,1,0
707,4.846000786760508,43.51941667875053,1.069597683258292,1,0
708,4.67850883975067,62.502856844813344,0.5274296976305486,0,1
709,4.766865681942267,50.090208243170494,1.0495993942115929,1,0
710,4.830670750226727,49.87671359634253,0.9838336228854492,1,0
711,4.762827890573959,38.39021791329095,1.0900024305196474,1,0
712,5.22589471786879,53.40845344951902,1.1448811894632756,1,0
713,5.244770639714746,50.68410914835647,1.1957804523860225,1,0
714,4.7631279655375955,47.50307850704314,0.9957570149626355,1,0
715,4.335048856017781,42.65538268164903,1.1352921684327202,1,0
716,4.945375529518618,55.2721582748663,0.9312932422713358,1,0
717,4.901687768280383,51.72472500773142,0.878567686348807,1,0
718,5.052390069868262,43.724461253716825,1.031725786664775,1,0
719,4.753346234740625,53.30361697231874,1.0210649071106992,1,0
720,4.821534921962311,52.0104412910147,1.0283509667357904,1,0
721,4.818269940851712,46.424759085166876,0.8731351119475269,1,0
722,5.076076289643262,49.04579340678325,1.1879706101380763,1,0
723,4.929996309081772,45.01975106999113,1.1190929053392855,1,0
724,5.02323461681531,45.77550773294763,1.1380483405984139,1,0
725,5.103999815159562,45.11081399814357,0.8882017053742589,1,0
726,4.927870417586762,52.69459592571867,0.9052989386072045,1,0
727,5.612565087147149,51.96025776357408,0.591664718917515,0,1
728,4.99378821342582,45.45158291509083,1.168295860137054,1,0
729,5.299666133059334,47.14812470316837,0.5932598825879637,0,1
730,4.991051363847481,43.93029146921309,0.9719940856484239,1,0
731,5.23433246235611,48.17332023493765,0.8682833453249921,1,0
732,5.166998928434222,49.36451274076521,0.6019708019100916,0,1
733,4.583177412100282,58.62348324880554,1.1356721579921194,1,0
734,4.990897550939752,47.87881833300978,0.894991422700903,1,0
735,4.329050121528373,62.78000285919602,0.5784187153809145,0,1
736,5.065002827251308,47.768786628901246,0.8947733299626595,1,0
737,5.148571895915446,50.56934700154842,0.9549290071901256,1,0
738,4.960156482309652,36.63257600161943,0.6922984649148224,0,1
739,4.976754191375608,51.07356591585263,1.0445854444902642,0,0
740,5.173830918499379,47.722302369880644,1.178864585160099,1,0
741,4.822151834354335,54.77650279118876,0.9126464168422527,1,0
742,5.175209358505959,57.36335337875491,1.1960435384347463,1,0
743,4.879203874806154,48.852256723198266,0.9771192546174949,1,0
744,5.199314102115889,47.66752310385901,1.1741938054109982,1,0
745,5.128095959040165,49.04748447001094,0.8247233842756891,1,0
746,5.1556925830553,41.77806535600986,0.6003035920700333,0,1
747,5.415127508433168,48.138637578572,1.100470854781617,1,0
748,5.173039721600255,50.83330843528661,1.1269631389224437,1,0
749,5.127089205662871,44.41290913243302,0.9644789955530183,1,0
750,4.945968001523467,52.96963367211322,1.0764223250957046,1,0
751,4.899544965098423,47.53622394402961,0.9368430483454376,1,0
752,5.045862825686929,58.56333856419285,0.915178137070397,1,0
753,5.15606856232329,41.87601004948505,0.9735375691420977,1,0
754,5.024568687708039,44.95667999416586,1.1609652133144412,1,0
755,5.170435776961604,56.257282109071326,1.1726219657237924,1,0
756,5.381883730458699,54.04944660830559,1.159354586633614,1,0
757,5.0933432468010365,52.53183488763127,0.8417818072400606,1,0
758,4.7943807184356135,49.51440899462429,1.1922272908242895,1,0
759,5.029782015169275,46.60279538534144,1.0955466708532131,1,0
760,6.124229771211756,56.888072531644696,0.5592715227026577,0,1
761,4.6184384884245215,45.698074946102494,0.8201398107877413,1,0
762,6.066306297202057,45.14982720048626,0.6155263508688845,0,1
763,5.085912600040696,52.166943078669476,0.9909401592489605,1,0
764,5.230712685731972,47.40696010484853,0.9312717931190448,1,0
765,4.986344475472133,45.743147748435945,0.9928528395679368,1,0
766,4.888886130410414,43.493282365822104,1.1233622955574765,1,0
767,4.841558218763062,38.818354858429274,0.9213143563397131,1,0
768,5.067214233585134,59.785872668198195,0.8130636243137984,1,0
769,4.770535606470332,48.437891042524754,1.0625638414002627,1,0
770,5.34469306801342,52.49542782732971,0.8273801810264068,1,0
771,5.053334552756664,45.464959208086704,1.1753928632856618,1,0
772,4.956709555445711,46.84856777967429,1.0202653517763407,1,0
773,5.080660078049056,52.138086407923915,1.0447324080412885,1,0
774,4.906956626676384,48.55602348650257,0.9419590733946216,1,0
775,5.231469262344714,56.43298684698812,0.8280432558565028,1,0
776,4.9245911661731485,48.251925049822255,1.1309208598948983,1,0
777,4.1400420833461204,56.406107757382294,0.6004854574332753,0,1
778,5.04505282344951,53.4636137755843,1.051928261773883,1,0
779,5.040465759284561,58.15928449544555,1.0709752284913177,1,0
780,5.1550310988069565,52.76520042926179,0.8585745026411264,1,0
781,5.240106331694775,50.70179934924023,0.9725206825364059,1,0
782,4.962830849561451,51.549994915827774,1.1376849301144571,1,0
783,4.609779627192275,50.7179396825258,1.0292168802476063,1,0
784,4.981108257111599,52.09804986012059,1.0913483417358583,1,0
785,5.20834493281177,52.91772151505944,1.1787024978768963,1,0
786,4.85862148640253,54.27777829510356,1.1961329215174592,1,0
787,4.994844268297176,36.15270702341703,0.5362366558100166,0,1
788,4.856995626393951,44.857117372469375,1.0185834166912497,1,0
789,4.93443529473146,48.307530178538514,0.9672579152651198,1,0
790,4.831905812862813,48.87627189742508,0.8066369922530392,1,0
791,4.773466189624621,51.72177884643978,0.8935251332372257,1,0
792,5.347818576821856,44.208680592980045,0.5057304855155309,0,1
793,4.98215316915571,49.81214677510259,1.0353408883932613,0,0
794,5.008265126454123,52.21501065223688,0.9100956724148034,1,0
795,5.094694379807046,48.661794545506034,0.9498887882029505,1,0
796,4.980181139951746,46.985896721080195,1.132945415864398,1,0
797,4.858474821035594,46.439130679119785,1.1269221248852948,1,0
798,4.977866926288534,45.51678886342396,0.9349817115856915,1,0
799,4.418602356135672,48.12588971689097,0.9337604715954995,1,0
800,4.752514672355486,50.54704235916485,1.028798351313437,1,0
801,4.878699322356852,52.279520975853515,0.8596997878965896,1,0
802,4.769127466353403,41.240855966241405,1.0718788867333382,1,0
803,4.471012898995533,58.72449224696847,0.5519656275880599,0,1
804,4.937496767864866,53.05011584892225,0.8919975015852962,1,0
805,5.152261112681891,44.27049705008836,1.1304258738193143,1,0
806,4.924901222729557,55.91176422045892,0.8625267882835443,1,0
807,5.280285800453215,44.29164089130305,0.9082575767927062,1,0
808,4.681567110305477,56.32856345247846,0.5935362424969753,0,1
809,4.6929919504935285,40.599949830461185,0.9321138670008338,1,0
810,4.925536189412416,52.18656593519481,1.1737732155013765,1,0
811,5.0444579711601705,56.39432906656697,1.1118066805696254,1,0
812,5.2969014584624405,61.54572193458798,0.5205685184314953,0,1
813,4.909378826403858,54.473617573235686,1.0705934998082418,1,0
814,5.32465263709724,54.586575806793874,1.0301436692516395,1,0
815,5.183593534133273,46.17069954956849,0.8905089720012745,1,0
816,5.123726024021948,43.4186497946295,1.0988313068516116,1,0
817,5.214577348598579,51.62718429716905,0.8179987284941698,1,0
818,4.942766272662406,39.42566852491505,1.1715438199382262,1,0
819,4.93664697881287,49.88711029452791,0.8326394880019354,1,0
820,5.015175477991963,48.636527089237696,0.970559342720649,0,0
821,4.890831482805784,45.648718882413874,1.06552978994109,1,0
822,5.324438620309886,59.75571024148897,1.0001114140831042,1,0
823,5.2606558754987995,56.556079489757444,0.5286562917405282,0,1
824,5.045799278491868,40.710492743008565,1.079133114202068,1,0
825,5.127732033728621,55.29059162543575,1.0718532729580574,1,0
826,4.8237863326677415,46.43889618175474,1.0647338340455992,1,0
827,4.952377912737589,50.23001373626637,1.091511221780259,1,0
828,5.133083364738356,59.70608718231875,0.9370923701711629,1,0
829,5.046289184505114,53.23244768862885,0.8413736459441934,1,0
830,5.176281505784714,53.60567681272791,0.8472874489164355,1,0
831,4.225117769830883,51.66094555380393,0.5759958157930789,0,1
832,4.722218365794179,47.024482806761384,0.8379861100913506,1,0
833,4.993697535115396,51.373709513731725,1.0127487066020067,0,0
834,4.88761075046098,55.07322693219706,0.9222975829789164,1,0
835,5.241191203580908,55.70926622405486,0.9260957738597804,1,0
836,4.816614490934014,51.63312108782567,1.0313970032917321,1,0
837,5.207144928516606,54.09864165845506,1.1491437686262658,1,0
838,5.14900611258256,57.19722857576568,0.8746559759190731,1,0
839,4.362135317651473,58.521111447422086,0.5251099579796954,0,1
840,4.989219030198853,45.08848209811343,1.0342254915173208,1,0
841,5.039226291804781,45.47965855132,1.0177379550537284,1,0
842,5.220775468663252,52.37583873247691,0.8166315839386376,1,0
843,4.781567273456382,54.173756631624414,0.9231083621172597,1,0
844,5.317967795636137,52.870356104470005,0.9459289880831194,1,0
845,4.726835168916912,49.255153451163515,1.0806953095509029,1,0
846,5.141215782763027,48.786593615939836,0.8083736471306934,1,0
847,4.794726158466822,56.15000286359575,1.0702651608828293,1,0
848,4.943123070078698,57.95291036308925,0.9649118911326662,1,0
849,4.896120725634774,48.295460613269604,1.0338172453037833,1,0
850,4.881237718386259,49.171842948411836,0.935722106923827,1,0
851,5.0916336229577395,45.10139387641597,1.19909975560408,1,0
852,4.769333519358851,41.56327826444645,0.8460584713580805,1,0
853,4.641221500426422,43.222762484438555,1.0638761091721898,1,0
854,4.894824064820959,50.88875053134016,1.125489337488891,1,0
855,5.080096277301266,50.65532593107925,0.8605729257479854,1,0
856,5.290185509655842,59.03598321818943,0.9605847116356173,1,0
857,4.944037931524599,45.17731102544904,0.8650643260421941,1,0
858,5.43301121356132,55.95274297171798,1.1487652245122022,1,0
859,5.221180084871461,47.18026255970879,1.0161115572749684,1,0
860,5.541718119596025,50.31008088397769,0.6191359648323058,0,1
861,5.595144095413143,51.73745429789638,0.6657305812236578,0,1
862,5.039096346310658,49.50577399380347,0.8497383365723482,1,0
863,5.0871950779000095,37.33876957390157,1.0322580903638536,1,0
864,4.955505020644347,60.23431097859779,1.1238700145063558,1,0
865,4.86501319624189,47.98462005467485,0.975942255885534,1,0
866,4.889976943412692,49.26487288284575,1.0397844558634866,1,0
867,4.741474930569548,47.339157184364055,0.9770309383731262,1,0
868,5.625461726766392,46.325361839324685,0.6109374049576735,0,1
869,5.248229468775746,52.86843515001277,1.039425197287104,1,0
870,5.010356770239791,52.88396911956909,1.0420358074162153,1,0
871,5.220585546548532,59.67660168299202,0.87393535917881,1,0
872,5.666267411183812,61.16106978169884,0.5160211453219204,0,1
873,4.922460016718288,47.93192167185179,0.8809175796632815,1,0
874,4.974469063696362,47.19696181576345,1.0046829788458804,1,0
875,5.217753930843334,48.11849637537502,0.8581306769682017,1,0
876,5.339144575562173,59.486443473865556,1.1512134051377827,1,0
877,5.035057355786785,43.31637280562035,1.0582288725709712,1,0
878,5.43440401676949,60.58137831877558,0.5716279433058289,0,1
879,5.063832058018398,50.65510381039349,0.8570226220132463,1,0
880,4.842130597589808,50.51037458123692,0.8016749774511832,1,0
881,4.777296153514402,58.850838078236364,0.995857630412813,1,0
882,5.022077927821539,52.537104639166444,1.091462513694641,1,0
883,4.721233791237416,47.16935705696216,0.83878626838617,1,0
884,5.124149511055885,55.20094282396376,1.0187715503941908,1,0
885,4.8205016873665585,43.439087612361085,1.112970324885115,1,0
886,5.100542978354651,48.25853273209272,1.1322491041727165,1,0
887,4.694540861914438,41.48932800012649,1.1912882674106233,1,0
888,4.880515326971354,55.38950869726663,1.092348138310464,1,0
889,5.2402029522343785,51.41473092253742,1.1216662259935537,1,0
890,5.03194354573642,48.168791512609104,0.8559949506887052,1,0
891,4.557991442141964,55.52035304641025,1.007844670321203,1,0
892,5.079689824571576,45.85801272603175,0.9584003865542461,1,0
893,5.273619696352762,44.15629485753437,0.9935210159442589,1,0
894,5.228539983247036,41.33727987822823,1.030237371456033,1,0
895,5.513981407095067,43.208941657369024,1.0281147754925561,1,0
896,5.2409348879987405,46.87950643837145,1.025557168422161,1,0
897,5.122968279460594,58.89327563269124,1.1184974437825548,1,0
898,4.947570971226419,62.20752171084734,0.8532728502670094,1,0
899,5.361902983703722,42.62881360552295,1.0054831420861219,1,0
900,4.999652695344861,48.860560092246686,0.9142503954248973,0,0
901,5.012833425124935,48.19947023680906,1.1765896950024262,0,0
902,4.82175629997865,49.69079958019658,1.0502727649045411,1,0
903,5.115883796579793,37.44582499299274,1.158629863387604,1,0
904,5.18724180191599,50.92405151244869,1.038778089365269,1,0
905,5.311759613899578,47.80627039975853,1.1652165867559423,1,0
906,4.885561185941311,46.04993598959462,0.8794578307589623,1,0
907,5.104512384175066,40.82595985182722,1.035196651785533,1,0
908,4.854980655805164,51.00007425585874,0.8351152948232641,1,0
909,4.7021707164201745,50.47062133894638,0.9133137613970309,1,0
910,5.2673840875129425,55.91282863530436,1.1194623121426546,1,0
911,4.978529041857197,54.99709516338956,1.0258362555733853,1,0
912,5.095935947901992,50.99474848241655,1.1987797669646678,1,0
913,5.129899472971848,48.180403032551816,0.8196883658163047,1,0
914,4.944672826167711,52.25445687606258,0.8882604238486994,1,0
915,5.000037332926994,55.75303775296535,1.069957281221662,1,0
916,5.158359282560694,53.92906004648405,0.92503920996332,1,0
917,5.111940094482285,50.93769392206981,0.9213542174516532,1,0
918,5.1520236752512725,55.27206056109706,1.18625559010672,1,0
919,5.076393291504819,45.89265235485175,1.0917239201908824,1,0
920,5.0044407869085274,42.69537530674171,0.9248758946276517,1,0
921,5.258052225809213,53.82052648164047,0.8928898763605373,1,0
922,4.833341008351502,46.80861517151426,1.1133548879983353,1,0
923,5.268286395074741,46.536225711509786,1.1587981157457645,1,0
924,4.698362429129214,44.21510762428854,0.8249725309111122,1,0
925,4.941598290897395,47.72983209840278,0.9267770487069126,1,0
926,4.924531584610438,53.58641790579388,1.1434792484978296,1,0
927,4.887003617793585,52.11606187228509,1.0761291387602916,1,0
928,4.773120723458702,56.148871122609684,1.0002317269723324,1,0
929,4.790729025325925,50.145513541625114,0.9248256178608083,1,0
930,4.974220163176362,51.703270682060705,1.064925495492288,0,0
931,5.163373593906453,47.868657216617876,0.8526747613744828,1,0
932,5.169105219977042,55.75609820392807,0.9009258944540612,1,0
933,4.9592545743916805,59.03258105331005,1.1396392079834703,1,0
934,5.067778319643704,48.329317757700785,1.0195638526560287,1,0
935,5.018220173321224,59.032673357296666,1.041725192896128,1,0
936,5.075762105899319,51.889146106110786,1.0837555287297544,1,0
937,5.094610185646642,54.686636459104385,1.0788096664017197,1,0
938,5.072283104754396,53.04114447653656,0.8450361866116778,1,0
939,5.014544925480657,50.936477749116094,1.0525503910573506,0,0
940,5.199304926779316,46.35167688089437,0.9572487192828316,1,0
941,5.00477901939726,48.67914495042333,1.190311527419573,0,0
942,4.7263462122548745,43.73352186348367,1.0082175349219433,1,0
943,5.0030454041234895,55.239255657325785,1.0031031352754276,1,0
944,5.042965301223321,47.19108752584992,1.038146548062749,1,0
945,5.27985666825401,48.09033864137318,0.8782850560398596,1,0
946,4.800919279395051,59.13630752478507,0.9832114466335474,1,0
947,5.016864765448447,58.25618289343643,0.9283418170999375,1,0
948,4.999449951793164,50.1053009918218,1.1682765603114478,0,0
949,4.718178614448805,47.95682043731665,0.8000908152873023,1,0
950,5.095763749642615,53.397878425803206,0.8671258382584115,1,0
951,5.02988389470184,48.5580389984985,1.1715231842751541,0,0
952,5.006780156825092,44.79076227279736,0.939532762983452,1,0
953,5.291116163697871,54.03730917806222,0.8442414395492643,1,0
954,5.363862254450775,53.31005198136017,0.6351173547134877,0,1
955,5.055471692392935,49.888605104081435,0.993292830350174,1,0
956,4.837397125547974,54.116399578388524,1.015357991714783,1,0
957,4.80492679454435,56.517539659673794,0.8027929047521393,1,0
958,5.132940549066622,47.23539581316349,0.9349322435383062,1,0
959,4.843599301497792,46.20148441259857,0.8272746479061851,1,0
960,4.645786289382381,52.357711902091026,0.9669579129316592,1,0
961,4.584882398184293,49.569651536045534,0.8427202816009455,1,0
962,4.969935907945626,48.36651893406818,0.9192264804680017,1,0
963,5.092873972709315,47.24724034145756,0.8489991447863957,1,0
964,5.036212548554216,56.51639018658032,0.8311426078435079,1,0
965,5.117233160078556,47.9379309089176,0.8675240023138258,1,0
966,5.001576036938945,48.37194473925748,1.1077770317686226,0,0
967,4.967132958822922,51.060466765370876,0.9136737182846916,1,0
968,4.722291489233758,41.99864447748145,1.0178221298618702,1,0
969,4.821442496901623,52.56807232115548,0.924123392841819,1,0
970,5.130995116844338,54.05399322795855,1.0582137425642089,1,0
971,4.82870035251816,50.48835188374168,0.9509452707186603,1,0
972,4.9234365620774065,49.38135526862582,0.8716379757312727,1,0
973,4.920020187573773,51.34647376290367,1.1925030309565106,1,0
974,4.865976959909154,55.8585895735808,1.0510675508635234,1,0
975,5.236378218591993,52.404540463744475,0.82761477476455,1,0
976,5.207217530209252,42.885125373691636,0.9423831093882562,1,0
977,5.247530751502399,51.89883818020448,0.9528493977839892,1,0
978,4.877135371180741,46.45105503883232,0.9199590371978145,1,0
979,5.321756171146875,54.14114845092311,0.9450007938126053,1,0
980,4.970011856184178,42.83424092737644,1.1203754886165722,1,0
981,5.259212612356279,44.464215915987744,0.8101394417055754,1,0
982,4.926898812602947,49.24350389883739,1.0439251046192468,1,0
983,4.855201933651478,49.02304824411488,0.8588653004379782,1,0
984,4.998591002903889,48.92195210715989,0.8492989832530207,0,0
985,5.063904934156591,58.26808634246142,1.1537914910387037,1,0
986,4.721955614969308,50.788807196468845,0.8664917448206635,1,0
987,4.780526336205787,42.615375362340494,1.1039294633713554,1,0
988,5.190003165733929,51.215023610272,0.8198423633397931,1,0
989,4.693459888022014,49.018596743060314,1.0975620749208608,1,0
990,4.631241283303851,45.54841075990064,1.1846202928550265,1,0
991,4.560774435780011,49.18938012260071,1.1638193892048554,1,0
992,5.138571516847487,52.91285659404403,0.9367396167669033,1,0
993,4.921389448587719,55.0081591260428,1.1175740533807406,1,0
994,5.278690905504886,53.55274551148893,1.122038924816454,1,0
995,4.888776250647844,49.3496985322319,0.9607505084946958,1,0
996,5.32295575814197,48.38985922753971,0.9427929717874656,1,0
997,5.11718084023293,46.31614932026189,1.0182783875252104,1,0
998,5.201894357719194,45.77529280703252,0.9930404942646083,1,0
999,4.982512934244564,52.74159813777249,0.9900401362766882,1,0
1000,5.3711006629588525,51.12117372267646,0.900869150998212,1,0
